Team,Accuracy
Muhammad0isah,69.69999999999999
emmakowu3579-ui,60.699999999999996
